{
  "mobilenetv2": {
    "accuracy": 0.9688594783962632,
    "precision": 0.9710506636701834,
    "recall": 0.9688594783962632,
    "f1_score": 0.96894399952402,
    "avg_inference_ms": 626.1026270595597,
    "model_size_mb": 9.19422435760498
  },
  "resnet50": {
    "accuracy": 0.7543791358505255,
    "precision": 0.7735055024207271,
    "recall": 0.7543791358505255,
    "f1_score": 0.7492208691133572,
    "avg_inference_ms": 1971.8092341481904,
    "model_size_mb": 90.74295330047607
  }
}