{
  "train_loss": [
    2.7194421577193757,
    1.4094156216628453,
    1.0544697066697224,
    0.8146080810209804,
    0.7016765583624122,
    0.5771845898863962,
    0.5484075586635253,
    0.2733014759942222,
    0.16506672411310205,
    0.14402228949389229,
    0.12766672270035362,
    0.11284058960716564,
    0.10846987058386444,
    0.09633287635177618,
    0.08213400725331832,
    0.07811980391752864,
    0.0776676522642548,
    0.07369866307698691,
    0.07390991450748169,
    0.07301303503310555,
    0.0687266463358006,
    0.06598085747816397,
    0.06923946347297885,
    0.06843389022432676,
    0.06443042309977239
  ],
  "train_acc": [
    0.3243479953289218,
    0.5745426235889451,
    0.6732191514207863,
    0.7312183729077462,
    0.7690735694822888,
    0.8112105877773452,
    0.8151031529778123,
    0.902491241728299,
    0.9424873491630985,
    0.9505644219540678,
    0.9571817827948618,
    0.959517321915142,
    0.9620474892954457,
    0.9684702218762165,
    0.9727520435967303,
    0.9739198131568704,
    0.9725574153367069,
    0.9749902685869989,
    0.9742117555469054,
    0.9756714674970806,
    0.9758660957571039,
    0.9798559750875827,
    0.9775204359673024,
    0.9783962631374076,
    0.9790774620474892
  ],
  "val_loss": [
    1.5248414408422806,
    1.0663342149214041,
    0.841885811487215,
    0.7615436951373513,
    0.5552138077430847,
    0.6203357495973666,
    0.5872723211361398,
    0.18640491391328023,
    0.14965496417722288,
    0.1352668785888509,
    0.1291759569007931,
    0.1154063262985044,
    0.10782645112204442,
    0.10178960137882728,
    0.09462575111668681,
    0.09221556864870271,
    0.09574678486250066,
    0.09537651261340852,
    0.09011848454420561,
    0.09203057067411484,
    0.08964722361248864,
    0.08768954206640159,
    0.08976856237962558,
    0.09413592841073076,
    0.09149321248035612
  ],
  "val_acc": [
    0.5434021019852082,
    0.650058388478007,
    0.7263526664071623,
    0.7454262358894511,
    0.8244453094589335,
    0.8127676138575322,
    0.8139353834176722,
    0.9330478785519657,
    0.9521214480342546,
    0.955624756714675,
    0.9560140132347217,
    0.9575710393149085,
    0.9591280653950953,
    0.9661346827559362,
    0.9657454262358894,
    0.9688594783962632,
    0.9669131957960296,
    0.9641884001557026,
    0.967691708836123,
    0.9673024523160763,
    0.9673024523160763,
    0.9680809653561697,
    0.9673024523160763,
    0.9637991436356559,
    0.9657454262358894
  ],
  "epoch_time": [
    1551.0367481708527,
    1549.4090852737427,
    1562.4624335765839,
    1558.2838997840881,
    1524.692466020584,
    1539.7172520160675,
    1565.2166681289673,
    1744.6231484413147,
    1482.4002523422241,
    1514.2906277179718,
    1522.7741351127625,
    1493.716979265213,
    1424.300428390503,
    1407.2735633850098,
    1434.1396865844727,
    1461.9083087444305,
    1520.6956923007965,
    1579.6217839717865,
    1580.6714305877686,
    1452.5303947925568,
    1455.8006844520569,
    1484.8331961631775,
    1516.2959251403809,
    1412.495022058487,
    1420.1551558971405
  ],
  "lr": [
    0.001,
    0.001,
    0.001,
    0.001,
    0.001,
    0.001,
    0.0001,
    0.0001,
    0.0001,
    0.0001,
    0.0001,
    0.0001,
    0.0001,
    1e-05,
    1e-05,
    1e-05,
    1e-05,
    1e-05,
    1e-05,
    1e-05,
    1.0000000000000002e-06,
    1.0000000000000002e-06,
    1.0000000000000002e-06,
    1.0000000000000002e-06,
    1.0000000000000002e-06
  ]
}