{
  "train_loss": [
    4.04045535154777,
    2.9576284619981372,
    2.291150092614583,
    1.8901046171592988,
    1.5927920895543437,
    1.3678850630184425,
    1.1985112624021763,
    0.73280642927273,
    0.5857632051371748,
    0.5295371945241213,
    0.4780728425344821,
    0.43007008161188426,
    0.4108232820762554,
    0.3732629144131418,
    0.3268088402452057,
    0.30150284663672205,
    0.2975633506554024,
    0.29484096563897183,
    0.2883423813682161,
    0.28990253463892124,
    0.2797992290713621,
    0.2713207826163343,
    0.26765291063921975,
    0.27289111268989025,
    0.2728783638967341
  ],
  "train_acc": [
    0.0811599844297392,
    0.24552355001946283,
    0.38799143635655897,
    0.4739198131568704,
    0.5463215258855586,
    0.6038341767224601,
    0.6506422732580771,
    0.788049824834566,
    0.8260023355391203,
    0.8397236278707668,
    0.8541261191124951,
    0.8696963799143635,
    0.8790385363954846,
    0.8863370961463605,
    0.9020046710782406,
    0.9114441416893733,
    0.9157259634098871,
    0.9133904242896068,
    0.9140716231996886,
    0.9160179057999221,
    0.9219540677306345,
    0.9245815492409498,
    0.9246788633709615,
    0.9212728688205527,
    0.9212728688205527
  ],
  "val_loss": [
    3.4867048353571612,
    2.65766486113709,
    2.1636473966415126,
    1.6324867094105995,
    1.4090921501094333,
    1.1617935042104726,
    1.1077058155882817,
    0.514537933365572,
    0.45385499239988764,
    0.3980943773532016,
    0.3820969529215025,
    0.36662272457577183,
    0.3275733656714333,
    0.31774415644795667,
    0.29060400920927687,
    0.2840500091615471,
    0.27638502050091107,
    0.2658578362236138,
    0.2673306334640507,
    0.262732758248024,
    0.2605554986645063,
    0.27332593234376995,
    0.2637479139666652,
    0.2623683928503699,
    0.2669779972813852
  ],
  "val_acc": [
    0.14207862981704944,
    0.2892175943947061,
    0.402491241728299,
    0.5391202802646944,
    0.5811599844297392,
    0.6660179057999221,
    0.6983261969637992,
    0.8478007006617361,
    0.8703775788244453,
    0.8840015570260802,
    0.8828337874659401,
    0.8847800700661737,
    0.897625535227715,
    0.9011288439081354,
    0.9108602569093033,
    0.9143635655897236,
    0.9143635655897236,
    0.9186453873102375,
    0.9202024133904243,
    0.917866874270144,
    0.9190346438302841,
    0.917866874270144,
    0.9213701829505644,
    0.917866874270144,
    0.9198131568703776
  ],
  "epoch_time": [
    3074.5371363162994,
    3147.1974062919617,
    3166.667397260666,
    3144.618898153305,
    3024.5896332263947,
    3011.258045196533,
    3053.2873775959015,
    3066.239646911621,
    3174.722433567047,
    3084.438755750656,
    3152.897137403488,
    3118.4832825660706,
    3354.3082690238953,
    3128.694505214691,
    3135.1858792304993,
    3155.9448053836823,
    3124.4547147750854,
    3126.074328660965,
    3110.2713191509247,
    3099.831733226776,
    3112.6659078598022,
    2899.516951560974,
    2969.6712925434113,
    3006.4557614326477,
    2980.9525997638702
  ],
  "lr": [
    0.001,
    0.001,
    0.001,
    0.001,
    0.001,
    0.001,
    0.0001,
    0.0001,
    0.0001,
    0.0001,
    0.0001,
    0.0001,
    0.0001,
    1e-05,
    1e-05,
    1e-05,
    1e-05,
    1e-05,
    1e-05,
    1e-05,
    1.0000000000000002e-06,
    1.0000000000000002e-06,
    1.0000000000000002e-06,
    1.0000000000000002e-06,
    1.0000000000000002e-06
  ]
}