{
  "train_loss": [
    2.387600523713685,
    1.1799720612515174,
    0.8296954416495531,
    0.6990138899263774,
    0.5938373154914532,
    0.5042891140669039,
    0.4535831285154091,
    0.21798342629344883,
    0.1320297576402959,
    0.10711518422192569,
    0.09761134232874741,
    0.08685515378121506,
    0.07265564021188585,
    0.07384924335661172,
    0.062230675764390585,
    0.05682126089565111,
    0.05637706521102407,
    0.05407285745556181,
    0.05155130493450647,
    0.0522250553274744,
    0.04921561341809595,
    0.053494116070264504,
    0.04788304903932748,
    0.05016642631567745,
    0.048636632900773524
  ],
  "train_acc": [
    0.3891592059166991,
    0.6580381471389646,
    0.7532113662903853,
    0.7933047878551965,
    0.8170494355780459,
    0.8465356169715843,
    0.8565589723627871,
    0.9330478785519657,
    0.9629233164655508,
    0.9716815881666018,
    0.973433242506812,
    0.9773258077072791,
    0.9812183729077462,
    0.9806344881276762,
    0.9838458544180615,
    0.9863760217983651,
    0.9851109381082133,
    0.9859867652783184,
    0.9881276761385753,
    0.9890035033086804,
    0.9886142467886337,
    0.9873491630984819,
    0.9891981315687037,
    0.9880303620085636,
    0.9889061891786688
  ],
  "val_loss": [
    1.6108885100956045,
    0.8154644372167176,
    0.7384902054625943,
    0.6370285444103729,
    0.5103820217588432,
    0.43584085123322736,
    0.4326085496640196,
    0.14128244076027116,
    0.11816916274578945,
    0.11135191654401468,
    0.10486533421168953,
    0.0993061387246571,
    0.0895382781546025,
    0.09123531449404891,
    0.08279673188834884,
    0.07979550473421011,
    0.07963336648259264,
    0.07782966065999597,
    0.07644195611048135,
    0.07972461741842524,
    0.07626507811338208,
    0.07753510063288624,
    0.07596643627162641,
    0.07354605916065318,
    0.07293049281817575
  ],
  "val_acc": [
    0.5574153367068898,
    0.7547683923705722,
    0.7824056052938887,
    0.8069287660568315,
    0.8462436745815493,
    0.8676527831841183,
    0.8742701440249124,
    0.958349552355002,
    0.9661346827559362,
    0.9641884001557026,
    0.9696379914363565,
    0.9719735305566368,
    0.9739198131568704,
    0.9727520435967303,
    0.9750875827170105,
    0.9762553522771507,
    0.9774231218372907,
    0.9778123783573375,
    0.9785908913974309,
    0.9774231218372907,
    0.9778123783573375,
    0.979758660957571,
    0.977033865317244,
    0.9793694044375243,
    0.9789801479174777
  ],
  "epoch_time": [
    1646.5910151004791,
    1479.7293448448181,
    1480.08118724823,
    1483.4422571659088,
    1471.7495851516724,
    1475.639464378357,
    1479.419026374817,
    1404.2621793746948,
    1412.9123358726501,
    1393.3369901180267,
    1381.4072666168213,
    1485.927265405655,
    1331.2578628063202,
    1332.20898270607,
    1456.9041407108307,
    1437.6959195137024,
    1435.5006716251373,
    1448.3902320861816,
    1461.457246541977,
    1454.4102194309235,
    1430.0794270038605,
    1352.744960784912,
    1443.806510925293,
    1373.6407010555267,
    1462.0806448459625
  ],
  "lr": [
    0.001,
    0.001,
    0.001,
    0.001,
    0.001,
    0.001,
    0.0001,
    0.0001,
    0.0001,
    0.0001,
    0.0001,
    0.0001,
    0.0001,
    1e-05,
    1e-05,
    1e-05,
    1e-05,
    1e-05,
    1e-05,
    1e-05,
    1.0000000000000002e-06,
    1.0000000000000002e-06,
    1.0000000000000002e-06,
    1.0000000000000002e-06,
    1.0000000000000002e-06
  ]
}