{
  "train_loss": [
    4.459730405759236,
    3.9109467751045273,
    3.4127258589964704,
    3.0237798370615243,
    2.728400135188773,
    2.4906923268824155,
    2.141294616444559,
    1.6612368087538396,
    1.492510746313283,
    1.3889058336018123,
    1.2922742280481203,
    1.22122399321601,
    1.1634950364967782,
    1.1027456743794222,
    1.0078014479206898,
    0.9680014521568004,
    0.9553595950697219,
    0.9327893908639138,
    0.9249460741720946,
    0.924351999805149,
    0.9005824973862567,
    0.8979822727157337,
    0.8897997728810323,
    0.8927316170993507,
    0.884893215412572
  ],
  "train_acc": [
    0.023841961852861037,
    0.07989490073958738,
    0.14597119501751654,
    0.21973530556636825,
    0.2744258466329311,
    0.3235694822888283,
    0.3980147917477618,
    0.5106072401712729,
    0.5495328921759439,
    0.5694822888283378,
    0.5943947061113274,
    0.6159984429739198,
    0.6301089918256131,
    0.6444141689373297,
    0.6804203970416505,
    0.688400155702608,
    0.6906383806928766,
    0.695017516543402,
    0.696574542623589,
    0.7053328143246399,
    0.7036784741144414,
    0.7037757882444531,
    0.7121448034254574,
    0.7063059556247567,
    0.7069871545348385
  ],
  "val_loss": [
    4.12663286471933,
    3.5699632080578536,
    3.492453631560317,
    2.5916025138356056,
    3.7681091632672254,
    2.059767062583291,
    1.9549101645401732,
    1.3620731731294518,
    1.2402587448311668,
    1.164535573597036,
    1.085737014754174,
    1.0287024922387615,
    1.0023771337425258,
    0.9149164366508653,
    0.8500862599068831,
    0.8236653420330254,
    0.8271319082433864,
    0.8149367589902302,
    0.8033245580583381,
    0.8112711457716161,
    0.7891031095795058,
    0.7753763583069323,
    0.7889660976656033,
    0.799117717124832,
    0.7768204809859274
  ],
  "val_acc": [
    0.04943557804593227,
    0.10587777345270533,
    0.144024912417283,
    0.28649279875437916,
    0.17399766446087972,
    0.3993771895679253,
    0.4476449980537174,
    0.5955624756714675,
    0.6317633320358116,
    0.6485013623978202,
    0.6788633709614637,
    0.6827559361619308,
    0.6944336317633321,
    0.7127286882055275,
    0.7251848968470221,
    0.7399766446087972,
    0.7364733359283768,
    0.7391981315687037,
    0.7454262358894511,
    0.7380303620085636,
    0.7512650836901518,
    0.7512650836901518,
    0.7543791358505255,
    0.7458154924094978,
    0.7539898793304788
  ],
  "epoch_time": [
    2941.292087316513,
    3228.4424600601196,
    3171.2687528133392,
    3107.853602409363,
    2941.9088451862335,
    2970.9780378341675,
    3095.4381811618805,
    3053.7673196792603,
    2965.7466776371,
    2962.580722093582,
    2969.2114310264587,
    2873.6026594638824,
    2780.4169614315033,
    2767.273389339447,
    2751.3461492061615,
    3107.056349515915,
    3187.84276676178,
    3153.254802942276,
    3119.0375361442566,
    3190.7232966423035,
    3290.9678893089294,
    3076.658635377884,
    2902.659267425537,
    2826.9935965538025,
    2930.907431602478
  ],
  "lr": [
    0.001,
    0.001,
    0.001,
    0.001,
    0.001,
    0.001,
    0.0001,
    0.0001,
    0.0001,
    0.0001,
    0.0001,
    0.0001,
    0.0001,
    1e-05,
    1e-05,
    1e-05,
    1e-05,
    1e-05,
    1e-05,
    1e-05,
    1.0000000000000002e-06,
    1.0000000000000002e-06,
    1.0000000000000002e-06,
    1.0000000000000002e-06,
    1.0000000000000002e-06
  ]
}